id_category,level_1_category,level_2_category,level_3_category,level_4_category,maps_category,search_level
57,Anthropomo,Hospitality,Accommodations,1 star hotels,Lodge,2
3,Anthropomo,Hospitality,Accommodations,1 star hotels,Alojamiento con servicio,3
60,Anthropomo,Hospitality,Accommodations,1 star hotels,None,2
47,Anthropomo,Hospitality,Accommodations,1 star hotels,Hotel,2
48,Anthropomo,Hospitality,Accommodations,1 star hotels,Hotel de 1 estrella,3
49,Anthropomo,Hospitality,Accommodations,2 star hotels,Hotel de 2 estrellas,3
50,Anthropomo,Hospitality,Accommodations,3 star hotels,Hotel de 3 estrellas,3
51,Anthropomo,Hospitality,Accommodations,4 star hotels,Hotel de 4 estrellas,3
52,Anthropomo,Hospitality,Accommodations,5 star hotels,Hotel de 5 estrellas,3
4,Anthropomo,Hospitality,Accommodations,Apartments,Apartahotel,3
29,Anthropomo,Hospitality,Accommodations,Apartments,Complejo de apartamentos,3
5,Anthropomo,Hospitality,Accommodations,Apartments,Apartamento turístico,3
18,Anthropomo,Hospitality,Accommodations,Camping,Camping,1
32,Anthropomo,Hospitality,Accommodations,Camping,Estacionamiento de caravanas,3
68,Anthropomo,Hospitality,Accommodations,Guesthouses,Pensión,3
20,Anthropomo,Hospitality,Accommodations,Guesthouses,Casa rural,1
2,Anthropomo,Hospitality,Accommodations,Guesthouses,Alojamiento,1
1,Anthropomo,Hospitality,Accommodations,Hostels,Albergue,2
46,Anthropomo,Hospitality,Accommodations,Hostels,Hostal,2
193,Lithomo,Historical and cultural,Art and museums,Art and museums,Sala de exposiciones,3
181,Lithomo,Historical and cultural,Art and museums,Art and museums,Museo,1
154,Lithomo,Historical and cultural,Art and museums,Art and museums,Centro cultural,3
91,Anthropomo,Hospitality,Catering,Restoration,Restaurante japonés,3
80,Anthropomo,Hospitality,Catering,Restoration,Restaurante de comida para llevar,3
74,Anthropomo,Hospitality,Catering,Restoration,Restaurante asiático,3
76,Anthropomo,Hospitality,Catering,Restoration,Restaurante de alta cocina,3
94,Anthropomo,Hospitality,Catering,Restoration,Restaurante mediterráneo,3
7,Anthropomo,Hospitality,Catering,Restoration,Asador de cordero,3
85,Anthropomo,Hospitality,Catering,Restoration,Restaurante especializado en barbacoa,3
77,Anthropomo,Hospitality,Catering,Restoration,Restaurante de cocina castellana,3
78,Anthropomo,Hospitality,Catering,Restoration,Restaurante de cocina española,3
83,Anthropomo,Hospitality,Catering,Restoration,Restaurante de falafeles,3
86,Anthropomo,Hospitality,Catering,Restoration,Restaurante especializado en pollo,3
93,Anthropomo,Hospitality,Catering,Restoration,Restaurante latinoamericano,3
41,Anthropomo,Hospitality,Catering,Restoration,Hamburguesería,3
73,Anthropomo,Hospitality,Catering,Restoration,Restaurante,2
90,Anthropomo,Hospitality,Catering,Restoration,Restaurante italiano,3
70,Anthropomo,Hospitality,Catering,Restoration,Pizzería,3
31,Anthropomo,Hospitality,Catering,Restoration,Establecimiento de comida preparada,3
79,Anthropomo,Hospitality,Catering,Restoration,Restaurante de cocina sudamericana,3
84,Anthropomo,Hospitality,Catering,Restoration,Restaurante de sushi,3
75,Anthropomo,Hospitality,Catering,Restoration,Restaurante chino,3
82,Anthropomo,Hospitality,Catering,Restoration,Restaurante de desayunos,3
97,Anthropomo,Hospitality,Catering,Restoration,Restaurante vegetariano,3
88,Anthropomo,Hospitality,Catering,Restoration,Restaurante familiar,3
96,Anthropomo,Hospitality,Catering,Restoration,Restaurante vegano,3
95,Anthropomo,Hospitality,Catering,Restoration,Restaurante mexicano,3
10,Anthropomo,Hospitality,Catering,Restoration,Bar restaurante,2
92,Anthropomo,Hospitality,Catering,Restoration,Restaurante japonés auténtico,3
81,Anthropomo,Hospitality,Catering,Restoration,Restaurante de comida rápida,3
87,Anthropomo,Hospitality,Catering,Restoration,Restaurante especializado en tapas,3
6,Anthropomo,Hospitality,Catering,Restoration,Asador,2
14,Anthropomo,Hospitality,Catering,Restoration,Bocatería,3
89,Anthropomo,Hospitality,Catering,Restoration,Restaurante indio,3
59,Anthropomo,Hospitality,Catering,Restoration,Mesón,3
65,Anthropomo,Hospitality,Catering,Services,Parrilla,1
42,Anthropomo,Hospitality,Catering,Services,Heladería,3
66,Anthropomo,Hospitality,Catering,Services,Pastelería,2
17,Anthropomo,Hospitality,Catering,Services,Cafetería,1
8,Anthropomo,Hospitality,Catering,Services,Bar,1
9,Anthropomo,Hospitality,Catering,Services,Bar de tapas,3
71,Anthropomo,Hospitality,Catering,Services,Pub,2
23,Anthropomo,Hospitality,Catering,Services,Cervecería,3
99,Anthropomo,Commerce,Chains and supermarkets,Goods,Supermercado,2
44,Anthropomo,Commerce,Chains and supermarkets,Goods,Hipermercado,3
100,Anthropomo,Commerce,Chains and supermarkets,Goods,Supermercado de descuentos,3
178,Lithomo,Historical and cultural,Civil architecture,Civil architecture,Mansión,3
185,Lithomo,Historical and cultural,Civil architecture,Civil architecture,Palacio,3
194,Lithomo,Historical and cultural,Historical monuments,Historical monuments,Santuario,1
152,Lithomo,Historical and cultural,Historical monuments,Historical monuments,Castillo,1
151,Lithomo,Historical and cultural,Historical monuments,Historical monuments,Capilla,2
179,Lithomo,Historical and cultural,Historical monuments,Historical monuments,Monasterio,1
176,Lithomo,Historical and cultural,Historical monuments,Historical monuments,Iglesia católica,3
175,Lithomo,Historical and cultural,Historical monuments,Historical monuments,Iglesia,1
165,Lithomo,Historical and cultural,Historical monuments,Historical monuments,Ermita,3
177,Lithomo,Historical and cultural,Historical monuments,Historical monuments,Lugar de interés histórico,1
180,Lithomo,Historical and cultural,Historical monuments,Historical monuments,Monumento,1
167,Lithomo,Historical and cultural,Historical monuments,Historical monuments,Escultura,1
146,Lithomo,Historical and cultural,Historical monuments,Historical monuments,Atracción turística,1
40,Anthropomo,Commerce,Large retail stores,Goods,Grandes almacenes,3
21,Anthropomo,Commerce,Large retail stores,Goods,Centro comercial,3
61,Anthropomo,Commerce,Local commerce,Goods,None,2
36,Anthropomo,Commerce,Local commerce,Goods,Floristería,2
125,Anthropomo,Commerce,Local commerce,Goods,Tienda de ropa de hombre,3
111,Anthropomo,Commerce,Local commerce,Goods,Tienda de artículos para el hogar,3
117,Anthropomo,Commerce,Local commerce,Goods,Tienda de fiambres,3
126,Anthropomo,Commerce,Local commerce,Goods,Tienda de ropa de mujer,3
53,Anthropomo,Commerce,Local commerce,Goods,Juguetería,3
116,Anthropomo,Commerce,Local commerce,Goods,Tienda de electrónica,3
118,Anthropomo,Commerce,Local commerce,Goods,Tienda de informática,3
16,Anthropomo,Commerce,Local commerce,Goods,Boutique,3
15,Anthropomo,Commerce,Local commerce,Goods,Bodega,1
120,Anthropomo,Commerce,Local commerce,Goods,Tienda de muebles,3
104,Anthropomo,Commerce,Local commerce,Goods,Tienda de alimentación,1
108,Anthropomo,Commerce,Local commerce,Goods,Tienda de artesanías,2
56,Anthropomo,Commerce,Local commerce,Goods,Librería,2
13,Anthropomo,Commerce,Local commerce,Goods,Biblioteca pública,2
63,Anthropomo,Commerce,Local commerce,Goods,Panadería,1
124,Anthropomo,Commerce,Local commerce,Goods,Tienda de ropa,2
58,Anthropomo,Commerce,Local commerce,Goods,Mercado,2
35,Anthropomo,Commerce,Local commerce,Goods,Ferretería,1
12,Anthropomo,Commerce,Local commerce,Goods,Bazar,2
127,Anthropomo,Commerce,Local commerce,Goods,Ultramarinos,2
19,Anthropomo,Commerce,Local commerce,Goods,Carnicería,1
37,Anthropomo,Commerce,Local commerce,Goods,Frutería,2
112,Anthropomo,Commerce,Local commerce,Goods,Tienda de bricolaje,3
115,Anthropomo,Commerce,Local commerce,Goods,Tienda de electrodomésticos,3
64,Anthropomo,Commerce,Local commerce,Goods,Papelería,2
107,Anthropomo,Commerce,Local commerce,Goods,Tienda de antigüedades,3
105,Anthropomo,Commerce,Local commerce,Goods,Tienda de alimentos naturales,3
122,Anthropomo,Commerce,Local commerce,Goods,Tienda de recuerdos,3
123,Anthropomo,Commerce,Local commerce,Goods,Tienda de regalos,3
129,Anthropomo,Commerce,Local commerce,Goods,Zapatería,3
38,Anthropomo,Commerce,Local commerce,Services,Gasolinera,1
27,Anthropomo,Commerce,Local commerce,Services,Comercio,3
62,Anthropomo,Commerce,Local commerce,Services,Nutricionista,3
72,Anthropomo,Commerce,Local commerce,Services,Reformas,3
119,Anthropomo,Commerce,Local commerce,Services,Tienda de material sanitario,3
22,Anthropomo,Commerce,Local commerce,Services,Centro de estética,3
69,Anthropomo,Commerce,Local commerce,Services,Perfumería,3
110,Anthropomo,Commerce,Local commerce,Services,Tienda de artículos para bebés,3
121,Anthropomo,Commerce,Local commerce,Services,Tienda de productos para mascotas,3
28,Anthropomo,Commerce,Local commerce,Services,Compañía farmacéutica,3
45,Anthropomo,Commerce,Local commerce,Services,Hospital privado,3
98,Anthropomo,Commerce,Local commerce,Services,Servicio postal,3
102,Anthropomo,Commerce,Local commerce,Services,Taller de reparación de automóviles,3
55,Anthropomo,Commerce,Local commerce,Services,Lavandería de autoservicio,3
11,Anthropomo,Commerce,Local commerce,Services,Barbería,2
24,Anthropomo,Commerce,Local commerce,Services,Clínica dental,3
128,Anthropomo,Commerce,Local commerce,Services,Veterinario,3
26,Anthropomo,Commerce,Local commerce,Services,Colegio privado,3
43,Anthropomo,Commerce,Local commerce,Services,Herbolario,3
25,Anthropomo,Commerce,Local commerce,Services,Clínica ortopédica,3
54,Anthropomo,Commerce,Local commerce,Services,Lavandería,2
39,Anthropomo,Commerce,Local commerce,Services,Gestoría,3
67,Anthropomo,Commerce,Local commerce,Services,Peluquería,2
101,Anthropomo,Commerce,Local commerce,Services,Taller de automóviles,3
114,Anthropomo,Commerce,Local commerce,Services,Tienda de cosméticos,3
30,Anthropomo,Commerce,Local commerce,Services,Dentista,3
113,Anthropomo,Commerce,Local commerce,Services,"Tienda de comestibles, periódicos y medicamentos",3
130,Anthropomo,Commerce,Local commerce,Services,Óptica,3
34,Anthropomo,Commerce,Local commerce,Services,Farmacia,1
106,Anthropomo,Commerce,Local commerce,Services,Tienda de alimentos para animales,3
109,Anthropomo,Commerce,Local commerce,Services,Tienda de artículos ortopédicos,3
33,Anthropomo,Commerce,Local commerce,Services,Esteticista,3
103,Anthropomo,Commerce,Local commerce,Services,Taller mecánico,2
168,Lithomo,Urban planning,Mobility,Mobility,Estación de autobús,2
169,Lithomo,Urban planning,Mobility,Mobility,Estación de tren,2
187,Lithomo,Urban planning,Mobility,Mobility,Parada de taxi,3
142,Lithomo,Urban planning,Mobility,Mobility,Alquiler de bicicletas,3
195,Lithomo,Urban planning,Mobility,Mobility,Servicios de ferrocarril,2
144,Lithomo,Urban planning,Mobility,Mobility,Aparcamiento gratuito,2
143,Lithomo,Urban planning,Mobility,Mobility,Aparcamiento,1
200,Phytomo,Nature,Nature land,Hiking trails,Cabaña de montaña,1
206,Phytomo,Nature,Nature land,Hiking trails,Refugio de montaña,1
207,Phytomo,Nature,Nature land,Hiking trails,Refugio de vida salvaje,2
208,Phytomo,Nature,Nature land,Hiking trails,Zona de senderismo,1
201,Phytomo,Nature,Nature land,Parks and gardens,Jardín botánico,3
205,Phytomo,Nature,Nature land,Parks and gardens,Parque local,3
204,Phytomo,Nature,Nature land,Parks and gardens,Parque infantil,2
203,Phytomo,Nature,Nature land,Parks and gardens,Parque,1
202,Phytomo,Nature,Nature land,Viewpoint,Mirador,1
132,Hydromo,Nature,Nature water,Nursery,Centro de jardinería,2
139,Hydromo,Nature,Nature water,Nursery,Vivero,2
137,Hydromo,Nature,Nature water,River,Reservoir,1
138,Hydromo,Nature,Nature water,River,Río,1
140,Hydromo,Nature,Nature water,River,Área de pesca,2
131,Hydromo,Nature,Nature water,River,Cascada,1
134,Hydromo,Nature,Nature water,River beach,Playa fluvial,1
135,Hydromo,Nature,Nature water,River beach,Playa pública,1
133,Hydromo,Nature,Nature water,Wetland,Parque nacional,1
136,Hydromo,Nature,Nature water,Wetland,Reserva natural,1
150,Lithomo,Urban planning,Public Infrastructure,Public Infrastructure,Campo de fútbol,2
145,Lithomo,Urban planning,Public Infrastructure,Public Infrastructure,Asociación u organización,3
158,Lithomo,Urban planning,Public Infrastructure,Public Infrastructure,Centro de ocio,3
166,Lithomo,Urban planning,Public Infrastructure,Public Infrastructure,Escuela,1
190,Lithomo,Urban planning,Public Infrastructure,Public Infrastructure,Piscinas,3
196,Lithomo,Urban planning,Public Infrastructure,Public Infrastructure,Tanatorio,1
174,Lithomo,Urban planning,Public Infrastructure,Public Infrastructure,Hospital,3
171,Lithomo,Urban planning,Public Infrastructure,Public Infrastructure,Fisioterapeuta,3
160,Lithomo,Urban planning,Public Infrastructure,Public Infrastructure,Centro deportivo,1
191,Lithomo,Urban planning,Public Infrastructure,Public Infrastructure,Polideportivo,1
198,Lithomo,Urban planning,Public Infrastructure,Public Infrastructure,Tienda de artículos de fontanería,3
156,Lithomo,Urban planning,Public Infrastructure,Public Infrastructure,Centro de educación preescolar,1
155,Lithomo,Urban planning,Public Infrastructure,Public Infrastructure,Centro cívico,1
149,Lithomo,Urban planning,Public Infrastructure,Public Infrastructure,Biblioteca,2
189,Lithomo,Urban planning,Public Infrastructure,Public Infrastructure,Piscina pública,2
164,Lithomo,Urban planning,Public Infrastructure,Public Infrastructure,Departamento municipal de turismo,1
157,Lithomo,Urban planning,Public Infrastructure,Public Infrastructure,Centro de información turística,1
170,Lithomo,Urban planning,Public Infrastructure,Public Infrastructure,Estadio,3
173,Lithomo,Urban planning,Public Infrastructure,Public Infrastructure,Gimnasio,2
172,Lithomo,Urban planning,Public Infrastructure,Public Infrastructure,Funeraria,1
184,Lithomo,Urban planning,Public Infrastructure,Public Infrastructure,Oficina de turismo,1
188,Lithomo,Urban planning,Public Infrastructure,Public Infrastructure,Piscina,2
153,Lithomo,Urban planning,Public Infrastructure,Public Infrastructure,Cementerio,1
163,Lithomo,Urban planning,Public Infrastructure,Public Infrastructure,Colegio público,2
199,Lithomo,Urban planning,Public Infrastructure,Public Infrastructure,Universidad,3
209,Lithomo,Urban planning,Public Infrastructure,Public Infrastructure,Centro educativo,1
183,Lithomo,Urban planning,Public organizations,Public organizations,Oficina de la administración,2
141,Lithomo,Urban planning,Public organizations,Public organizations,Administración de loterías,2
161,Lithomo,Urban planning,Public organizations,Public organizations,Centro médico,1
159,Lithomo,Urban planning,Public organizations,Public organizations,Centro de salud,1
186,Lithomo,Urban planning,Public organizations,Public organizations,Palacio de justicia,3
182,Lithomo,Urban planning,Public organizations,Public organizations,Oficina de correos,2
148,Lithomo,Urban planning,Public organizations,Public organizations,Ayuntamiento,1
147,Lithomo,Historical and cultural,Theaters and Cultural Spaces,Theaters and Cultural Spaces,Auditorio,3
197,Lithomo,Historical and cultural,Theaters and Cultural Spaces,Theaters and Cultural Spaces,Teatro,2
192,Lithomo,Historical and cultural,Theaters and Cultural Spaces,Theaters and Cultural Spaces,Sala de conciertos,3
162,Lithomo,Historical and cultural,Theaters and Cultural Spaces,Theaters and Cultural Spaces,Cine,3
210,Anthropomo,Commerce,Local commerce,Goods,Servicio de gestión de residuos,1
211,Anthropomo,Commerce,Local commerce,Goods,Fuente de agua potable,1
212,Anthropomo,Hospitality,Catering,Restoration,Restaurante halal,3
214,Anthropomo,Hospitality,Catering,Restoration,Artista,3
213,Anthropomo,Hospitality,Catering,Restoration,Taberna,3
216,Anthropomo,Hospitality,Catering,Restoration,Restaurante turco,3
215,Anthropomo,Hospitality,Catering,Restoration,Bar musical,3
219,Anthropomo,Hospitality,Catering,Restoration,Jardín,3
221,Anthropomo,Hospitality,Catering,Restoration,Coctelería,3
224,Anthropomo,Hospitality,Catering,Restoration,Casino,3
227,Anthropomo,Hospitality,Catering,Restoration,Salón para eventos,3
220,Anthropomo,Hospitality,Catering,Restoration,Máquina expendedora de café,3
222,Anthropomo,Hospitality,Catering,Restoration,Tienda de artículos de hostelería,3
226,Anthropomo,Hospitality,Catering,Restoration,Banco,3
225,Anthropomo,Hospitality,Catering,Restoration,Agencia de viajes,3
217,Anthropomo,Hospitality,Catering,Restoration,Pescadería,3
218,Anthropomo,Hospitality,Catering,Restoration,Carpintero,3
223,Anthropomo,Hospitality,Catering,Restoration,Tienda de café,3
228,Anthropomo,Hospitality,Accommodations,Guesthouses,Casa de campo,1
231,Anthropomo,Hospitality,Catering,Services,Club nocturno,2
230,Anthropomo,Hospitality,Catering,Restoration,Lounge,2
229,Anthropomo,Commerce,Local commerce,Goods,Establecimiento de jamón serrano,2
232,Hydromo,Nature,Nature water,River,Campamento,2
233,Lithomo,Historical and cultural,Historical monuments,Historical monuments,Destino religioso,2
234,Lithomo,Urban planning,Public organizations,Public organizations,Médico de urgencias,2
235,Phytomo,Nature,Nature land,Hiking trails,Club,2