id_municipality,municipality_name,postal_code
91926,Jurisdicción de San Zadornil,01427
92479,Palacios de Riopisuerga,09107
91828,Itero del Castillo,09107
90905,Castrillo Matajudíos,09107
90243,Arenillas de Riopisuerga,09107
90888,Castrillo de Riopisuerga,09108
94825,Zarzosa de Río Pisuerga,09108
93174,Rezmondo,09108
92432,Padilla de Arriba,09108
92426,Padilla de Abajo,09109
94607,Villasandino,09109
92582,Pedrosa del Príncipe,09119
94555,Villaquirán de la Puebla,09119
90341,Los Balbases,09119
93983,Úrbel del Castillo,09125
92273,Montorio,09125
94154,Valle de Valdelucio,09127
93689,Sordillos,09128
94733,Villegas,09128
94445,Villamayor de Treviño,09128
91486,Grijalba,09128
93044,Rabé de las Calzadas,09130
93771,Tardajos,09130
92595,Pedrosa de Río Úrbel,09131
92978,Las Quintanillas,09131
93749,Susinos del Páramo,09133
93826,Tobar,09133
92576,Pedrosa del Páramo,09133
92024,Manciles,09133
92870,Quintanaortuño,09140
93018,Quintanilla Vivar,09140
90011,Abajas,09141
94167,Valle de Zamanzas,09146
91767,Hurones,09191
94712,Villayerno Morquillas,09191
90755,Cardeñuela Riopico,09192
92411,Orbaneja Riopico,09192
90737,Cardeñadijo,09194
94580,Villariezo,09195
94347,Villagonzalo Pedernales,09195
93351,San Adrián de Juarros,09198
90449,Barrios de Colina,09199
90294,Atapuerca,09199
92668,Pineda de la Sierra,09199
90269,Arlanzón,09199
94635,Villasur de Herreros,09199
93266,Rubena,09199
91340,Frías,09211
92557,Partido de la Sierra en Tobalina,09211
91025,Cillaperlata,09213
90161,Ameyugo,09219
93538,Santa María Rivarredonda,09219
94542,Villanueva de Teba,09219
94192,Valluércanes,09219
93478,Santa Gadea del Cid,09219
90130,Altable,09219
90413,Barrio de Muñó,09226
94727,Villazopeque,09226
94672,Villaverde-Mogina,09226
90951,Celada del Camino,09226
94568,Villaquirán de los Infantes,09226
90471,Belbimbre,09226
92498,Palazuelos de Muñó,09226
90793,Castellanos de Castro,09227
91596,Hontanas,09227
91806,Iglesias,09227
94419,Villaldemiro,09227
93752,Tamarón,09227
92753,Presencio,09228
91985,Mahamud,09228
92365,Olmillos de Muñó,09228
92061,Mazuela,09228
91010,Ciadoncha,09228
91675,Hornillos del Camino,09230
93386,San Mamés de Burgos,09230
91280,Frandovínez,09230
90584,Buniel,09230
90098,Albillos,09239
90639,Cavia,09239
90933,Cayuela,09239
92833,Quintanaélez,09244
91353,Fuentebureba,09244
90601,Busto de Bureba,09244
94081,Vallarta de Bureba,09245
90525,Berzosa de Bureba,09245
91499,Grisaleña,09245
94859,Zuñeda,09245
92805,Quintanabureba,09246
93235,Rojas,09246
92655,Piérnigas,09246
91950,Llano de Bureba,09246
93348,Salinillas de Bureba,09247
91433,Galbarros,09247
93109,Reinoso,09248
90768,Carrias,09248
90367,Bañuelos de Bureba,09248
92735,Prádanos de Bureba,09248
94234,Vileña,09249
92306,Navas de Bureba,09249
94228,La Vid de Bureba,09249
90079,Aguilar de Bureba,09249
91157,Cubo de Bureba,09251
94458,Villambistia,09258
94115,Valle de Oca,09258
90102,Alcocero de Mola,09258
90835,Castil de Peones,09258
93924,Tosantos,09258
91237,Espinosa del Camino,09258
91789,Ibrillos,09259
90829,Castildelgado,09259
93076,Redecilla del Camino,09259
90465,Bascuñana,09259
94249,Viloria de Rioja,09259
91307,Fresneña,09259
91293,Fresneda de la Sierra Tirón,09267
94075,Valmala,09268
93608,San Vicente del Valle,09268
94332,Villagalijo,09268
93462,Santa Cruz del Valle Urbión,09268
90986,Cerezo de Río Tirón,09270
92984,Quintanilla San García,09271
91329,Fresno de Río Tirón,09272
92518,Pancorbo,09280
90774,Cascajares de Bureba,09280
91335,Fresno de Rodilla,09290
92886,Quintanapalla,09290
93543,Santa Olalla de Bureba,09292
93517,Santa María del Invierno,09292
92925,Quintanavides,09292
94290,Villaescusa la Sombría,09292
92241,Monasterio de Rodilla,09292
91003,Cerratón de Juarros,09292
90275,Arraya de Oca,09292
90578,Bugedo,09293
92766,La Puebla de Arganzón,09294
93214,Roa,09300
93902,Torresandino,09310
94640,Villatuelda,09310
91681,La Horra,09311
92352,Olmedillo de Roa,09311
90177,Anguix,09312
94287,Villaescusa de Roa,09314
91366,Fuentecén,09315
91176,La Cueva de Roa,09315
91391,Fuentemolinos,09315
90510,Berlangas de Roa,09316
91708,Hoyales de Roa,09316
93399,San Martín de Rubiales,09317
91998,Mambrilla de Castrejón,09317
94056,Valdezate,09318
92292,Nava de Roa,09318
91388,Fuentelisendo,09318
91084,Cogollos,09320
94069,Valdorros,09320
91963,Madrigal del Monte,09320
94189,Valles de Palenzuela,09338
94803,Zael,09339
94430,Villamayor de los Montes,09339
94483,Villangómez,09339
93431,Santa Cecilia,09341
93500,Santa María del Campo,09342
92621,Peral de Arlanza,09342
94379,Villahoz,09343
94326,Villafruela,09344
91792,Iglesiarrubia,09345
90320,Avellanosa de Muñó,09345
92083,Mecerreyes,09346
92772,Puentedura,09347
93116,Retuerta,09347
99012,Quintanilla del Agua y Tordueles,09347
90948,Cebrecos,09348
93667,Solarana,09348
92959,Quintanilla del Coco,09348
92313,Nebreda,09348
91274,Fontioso,09349
92946,Quintanilla de la Mata,09349
91046,Cilleruelo de Arriba,09349
91031,Cilleruelo de Abajo,09349
92674,Pineda Trasmonte,09349
90336,Bahabón de Esgueva,09350
92390,Oquillas,09350
90618,Cabañes de Esgueva,09350
93556,Santibáñez de Esgueva,09350
91622,Hontoria de la Cantera,09351
91144,Cubillo del Campo,09352
93522,Santa María del Mercadillo,09353
92707,Pinilla Trasmonte,09354
91519,Gumiel de Izán,09370
92812,Quintana del Pidio,09370
94424,Villalmanzo,09390
93484,Santa Inés,09390
93863,Torrecilla del Monte,09390
90853,Castrillo de la Vega,09391
90196,Arandilla,09410
91123,Coruña del Conde,09410
93804,Terradillos de Esgueva,09442
91524,Gumiel de Mercado,09443
94385,Villalba de Duero,09443
90354,Baños de Valdearados,09450
94516,Villanueva de Gumiel,09450
91643,Hontoria de Valdearados,09450
90217,Arauzo de Salce,09451
90644,Caleruega,09451
90222,Arauzo de Torre,09451
94402,Villalbilla de Gumiel,09453
94038,Valdeande,09453
93961,Tubilla del Lago,09453
92791,Quemada,09454
92181,Milagros,09460
91405,Fuentenebro,09461
93654,La Sequera de Haza,09462
90032,Adrada de Haza,09462
92289,Moradillo de Roa,09462
91600,Hontangas,09462
92539,Pardilla,09462
91558,Haza,09463
93459,Santa Cruz de la Salceda,09471
91372,Fuentelcésped,09471
91412,Fuentespina,09471
90559,Brazacorta,09490
94831,Zazuar,09490
93370,San Juan del Monte,09490
94000,Vadocondes,09491
91314,Fresnillo de las Dueñas,09491
93879,Torregalindo,09493
90657,Campillo de Aranda,09493
91904,Junta de Villalba de Losa,09511
92175,Merindad de Valdivielso,09559
90256,Arija,09570
90124,Alfoz de Santa Gadea,09571
93272,Rublacedo de Abajo,09592
93288,Rucandio,09593
93291,Salas de Bureba,09593
90682,Cantabrana,09593
92447,Padrones de Bureba,09593
90063,Aguas Cándidas,09593
93581,Santo Domingo de Silos,09610
91059,Ciruelos de Cervera,09610
91221,Espinosa de Cervera,09610
90709,Carazo,09611
91545,Hacinas,09611
94509,Villanueva de Carazo,09611
92680,Pinilla de los Barruecos,09612
92019,Mamolar,09612
90623,Cabezón de la Sierra,09612
91448,La Gallega,09612
91101,Contreras,09613
92693,Pinilla de los Moros,09613
92236,Monasterio de la Sierra,09613
90389,Barbadillo del Mercado,09613
94786,Vizcaínos,09613
91736,Huerta de Arriba,09614
94141,Valle de Valdelaguna,09614
90392,Barbadillo del Pez,09614
90373,Barbadillo de Herreros,09615
93180,Riocavado de la Sierra,09615
92267,Monterrubio de la Demanda,09615
93787,Tejada,09616
93327,Saldaña de Burgos,09620
93620,Sarracín,09620
92215,Modúbar de la Emparedada,09620
93155,Revillarruz,09620
91849,Jaramillo Quemado,09640
91694,Hortigüela,09640
90780,Cascajares de la Sierra,09640
93403,San Millán de Lara,09640
91834,Jaramillo de la Fuente,09640
91195,Cuevas de San Clemente,09641
93885,Torrelara,09645
92485,Palazuelos de la Sierra,09649
94477,Villamiel de la Sierra,09649
90660,Campolara,09650
94496,Villanueva de Argaño,09652
93023,Rabanera del Pinar,09660
92899,Quintanar de la Sierra,09670
92328,Neila,09679
92463,Palacios de la Sierra,09680
94252,Vilviestre del Pinar,09690
92254,Moncalvillo,09691
90840,Castrillo de la Reina,09691
90676,Canicosa de la Sierra,09692
93095,Regumiel de la Sierra,09693
93168,Revilla Vallejera,34260
94173,Vallejera,34260
94461,Villamedianilla,34260
93060,Rebolledo de la Torre,34492
90119,Alfoz de Bricia,09233
90119,Alfoz de Bricia,09571
90119,Alfoz de Bricia,09572
90119,Alfoz de Bricia,39232
99070,Alfoz de Quintanadueñas,09131
99070,Alfoz de Quintanadueñas,09197
90183,Aranda de Duero,02410
90183,Aranda de Duero,09370
90183,Aranda de Duero,09400
90183,Aranda de Duero,09450
90200,Arauzo de Miel,09451
90200,Arauzo de Miel,09631
90238,Arcos,09195
90238,Arcos,09239
90452,Basconcillos del Tozo,09125
90452,Basconcillos del Tozo,09126
90452,Basconcillos del Tozo,09127
90487,Belorado,09248
90487,Belorado,09250
90487,Belorado,09258
90487,Belorado,09267
90487,Belorado,09272
90503,Berberana,01427
90503,Berberana,09511
90546,Bozoó,09214
90546,Bozoó,09219
90562,Briviesca,09240
90562,Briviesca,09245
90562,Briviesca,09248
90562,Briviesca,09249
90562,Briviesca,09292
90597,Burgos,09001
90597,Burgos,09002
90597,Burgos,09003
90597,Burgos,09004
90597,Burgos,09005
90597,Burgos,09006
90597,Burgos,09007
90597,Burgos,09192
90597,Burgos,09193
90597,Burgos,09199
90716,Carcedo de Bureba,09246
90716,Carcedo de Bureba,09592
90721,Carcedo de Burgos,09193
90721,Carcedo de Burgos,09194
90742,Cardeñajimeno,09193
90742,Cardeñajimeno,09199
90866,Castrillo del Val,09193
90866,Castrillo del Val,09198
90912,Castrojeriz,09109
90912,Castrojeriz,09110
90912,Castrojeriz,09119
91097,Condado de Treviño,01118
91097,Condado de Treviño,01211
91097,Condado de Treviño,09215
91097,Condado de Treviño,09216
91097,Condado de Treviño,09217
91097,Condado de Treviño,09218
91097,Condado de Treviño,09294
91139,Covarrubias,09346
91139,Covarrubias,09347
91209,Encío,09219
91209,Encío,09280
91242,Espinosa de los Monteros,09560
91242,Espinosa de los Monteros,09566
91242,Espinosa de los Monteros,09567
91242,Espinosa de los Monteros,09569
91255,Estépar,09230
91255,Estépar,09239
91638,Hontoria del Pinar,09619
91638,Hontoria del Pinar,09660
91741,Huerta de Rey,09430
91741,Huerta de Rey,09454
91754,Humada,09124
91754,Humada,09126
91720,Huérmeces,09125
91720,Huérmeces,09150
91773,Ibeas de Juarros,09128
91773,Ibeas de Juarros,09194
91773,Ibeas de Juarros,09198
91813,Isar,09133
91813,Isar,09653
91813,Isar,09654
91890,Junta de Traslaloma,09510
91890,Junta de Traslaloma,09514
91911,Jurisdicción de Lara,09640
91911,Jurisdicción de Lara,09651
93121,La Revilla y Ahedo,09163
93121,La Revilla y Ahedo,09613
94213,La Vid y Barrios,09471
94213,La Vid y Barrios,09491
91669,Las Hormazas,09133
91669,Las Hormazas,09150
91947,Lerma,09340
91947,Lerma,09341
91947,Lerma,09347
91947,Lerma,09348
91947,Lerma,09349
91947,Lerma,09384
90145,Los Altos,09146
90145,Los Altos,09551
90145,Los Altos,09559
90308,Los Ausines,09194
90308,Los Ausines,09351
90308,Los Ausines,09642
90434,Los Barrios de Bureba,09246
90434,Los Barrios de Bureba,09249
91979,Madrigalejo del Monte,09330
91979,Madrigalejo del Monte,09390
92002,Mambrillas de Lara,09640
92002,Mambrillas de Lara,09642
92096,Medina de Pomar,09500
92096,Medina de Pomar,09512
92096,Medina de Pomar,09513
92096,Medina de Pomar,09514
92096,Medina de Pomar,09515
92117,Melgar de Fernamental,09100
92117,Melgar de Fernamental,09108
92117,Melgar de Fernamental,09121
92138,Merindad de Cuesta-Urria,09212
92138,Merindad de Cuesta-Urria,09515
92138,Merindad de Cuesta-Urria,09549
92138,Merindad de Cuesta-Urria,09594
92143,Merindad de Montija,09514
92143,Merindad de Montija,09569
99064,Merindad de Río Ubierna,09140
99064,Merindad de Río Ubierna,09141
99064,Merindad de Río Ubierna,09142
99064,Merindad de Río Ubierna,09197
99064,Merindad de Río Ubierna,09591
92156,Merindad de Sotoscueva,09557
92156,Merindad de Sotoscueva,09567
92156,Merindad de Sotoscueva,09568
92169,Merindad de Valdeporres,09557
92169,Merindad de Valdeporres,09573
92169,Merindad de Valdeporres,09574
92194,Miranda de Ebro,09200
92194,Miranda de Ebro,09212
92194,Miranda de Ebro,09218
92194,Miranda de Ebro,09219
92194,Miranda de Ebro,09293
92194,Miranda de Ebro,26212
92208,Miraveche,09250
92208,Miraveche,09252
92387,Oña,09211
92387,Oña,09246
92387,Oña,09249
92387,Oña,09530
92387,Oña,09559
92387,Oña,09593
92501,Pampliega,09220
92501,Pampliega,09226
92501,Pampliega,09589
92560,Pedrosa de Duero,09314
92560,Pedrosa de Duero,09317
92616,Peñaranda de Duero,09410
92616,Peñaranda de Duero,09490
92729,Poza de la Sal,09246
92729,Poza de la Sal,09592
92740,Pradoluengo,09260
92740,Pradoluengo,09268
93082,Redecilla del Campo,09259
93082,Redecilla del Campo,09270
93142,Revilla del Campo,09194
93142,Revilla del Campo,09647
93253,Royuela de Río Franco,09344
93253,Royuela de Río Franco,09345
93039,Rábanos,09199
93039,Rábanos,09268
93039,Rábanos,09269
93305,Salas de los Infantes,09600
93305,Salas de los Infantes,09613
93305,Salas de los Infantes,09615
93569,Santibáñez del Val,09617
93569,Santibáñez del Val,09618
93615,Sargentes de la Lora,09143
93615,Sargentes de la Lora,09144
93615,Sargentes de la Lora,09145
93636,Sasamón,09109
93636,Sasamón,09123
93692,Sotillo de la Ribera,09440
93692,Sotillo de la Ribera,09441
93728,Sotragero,09004
93728,Sotragero,09197
93734,Sotresgudo,09135
93734,Sotresgudo,09136
93734,Sotresgudo,34492
93811,Tinieblas de la Sierra,09640
93811,Tinieblas de la Sierra,09649
93847,Tordómar,09341
93847,Tordómar,09384
93898,Torrepadre,09342
93898,Torrepadre,09345
93945,Trespaderne,09213
93945,Trespaderne,09540
93945,Trespaderne,09549
93958,Tubilla del Agua,09143
93958,Tubilla del Agua,09145
93919,Tórtoles de Esgueva,09310
93919,Tórtoles de Esgueva,09312
99086,Valle de Losa,09510
99086,Valle de Losa,09511
99086,Valle de Losa,09512
94094,Valle de Manzanedo,09558
94094,Valle de Manzanedo,09572
94108,Valle de Mena,09545
94108,Valle de Mena,09569
94108,Valle de Mena,09580
94108,Valle de Mena,09585
94108,Valle de Mena,09586
94108,Valle de Mena,09587
94108,Valle de Mena,09588
94108,Valle de Mena,09589
99027,Valle de Santibáñez,09131
99027,Valle de Santibáñez,09150
99027,Valle de Santibáñez,09159
99051,Valle de Sedano,09142
99051,Valle de Sedano,09145
99051,Valle de Sedano,09146
99051,Valle de Sedano,09551
94120,Valle de Tobalina,09210
94120,Valle de Tobalina,09211
94120,Valle de Tobalina,09212
94120,Valle de Tobalina,09213
94120,Valle de Tobalina,09549
94136,Valle de Valdebezana,09571
94136,Valle de Valdebezana,09572
99048,Valle de las Navas,09191
99048,Valle de las Navas,09591
94271,Villadiego,09120
94271,Villadiego,09124
94271,Villadiego,09125
94271,Villadiego,09128
94271,Villadiego,09129
94271,Villadiego,09133
94271,Villadiego,09427
94304,Villaespasa,09640
94304,Villaespasa,09650
94311,Villafranca Montes de Oca,09257
94311,Villafranca Montes de Oca,09258
94398,Villalbilla de Burgos,09195
94398,Villalbilla de Burgos,09197
99033,Villarcayo de Merindad de Castilla la Vieja,09513
99033,Villarcayo de Merindad de Castilla la Vieja,09549
99033,Villarcayo de Merindad de Castilla la Vieja,09550
99033,Villarcayo de Merindad de Castilla la Vieja,09553
99033,Villarcayo de Merindad de Castilla la Vieja,09554
99033,Villarcayo de Merindad de Castilla la Vieja,09555
99033,Villarcayo de Merindad de Castilla la Vieja,09556
99033,Villarcayo de Merindad de Castilla la Vieja,09557
99033,Villarcayo de Merindad de Castilla la Vieja,09558
94666,Villaverde del Monte,09228
94666,Villaverde del Monte,09339
94764,Villoruebo,09640
94764,Villoruebo,09646